{
	"name": "Jared Morgenstern",
	"homeCountry": "US",
	"visitedCountries": [
		"AE", "AG", "AI", "AR", "AT", "AU", "AW", "BL", "BR", "BS", "BT", "CA", "CH", "CN", "CO", "CR", "CU", "DE", "DK", "ES", "FR", "GB", "GR", "HK", "HR", "ID", "IE", "IL", "IN", "IT", "JM", "JP", "KH", "KR", "LA", "MC", "ME", "MV", "MX", "NL", "NO", "NZ", "PA", "PE", "PF", "PR", "PT", "RO", "SE", "SG", "SX", "TC", "TH", "TR", "US", "VA", "VI", "VN", "ZA"
	],
	"visitedCities": [
		{ "city": "Paro", "country": "BT", "date": "2024-05" },
		{ "city": "Shanghai", "country": "CN", "date": "2015-06" },
		{ "city": "Delhi", "country": "IN", "date": "2024-02" },
		{ "city": "Mumbai", "country": "IN", "date": "2024-02" },
		{ "city": "Pune", "country": "IN", "date": "2024-02" },
		{ "city": "Kerala", "country": "IN", "date": "2010-12" },
		{ "city": "Goa", "country": "IN", "date": "2010-12" },
		{ "city": "Tel Aviv", "country": "IL", "date": "2016-04" },
		{ "city": "Tokyo", "country": "JP", "date": "2023-03" },
		{ "city": "Kyoto", "country": "JP", "date": "2023-03" },
		{ "city": "Osaka", "country": "JP", "date": "2023-04" },
		{ "city": "Naoshima", "country": "JP", "date": "2023-04" },
		{ "city": "Singapore", "country": "SG", "date": "2010-01" },
		{ "city": "Seoul", "country": "KR", "date": "2019-10" },
		{ "city": "Bangkok", "country": "TH", "date": "2013-08" },
		{ "city": "Paris", "country": "FR", "date": "2018-06" },
		{ "city": "Biarritz", "country": "FR", "date": "2019-07" },
		{ "city": "Nice", "country": "FR", "date": "2018-06" },
		{ "city": "Berlin", "country": "DE", "date": "2017-05" },
		{ "city": "Frankfurt", "country": "DE", "date": "2017-05" },
		{ "city": "Athens", "country": "GR", "date": "2024-09" },
		{ "city": "Rome", "country": "IT", "date": "2016-09" },
		{ "city": "Milan", "country": "IT", "date": "2016-09" },
		{ "city": "Sicily", "country": "IT", "date": "2018-08" },
		{ "city": "Monte Carlo", "country": "MC", "date": "2018-06" },
		{ "city": "Lisbon", "country": "PT", "date": "2024-07" },
		{ "city": "Ericeira", "country": "PT", "date": "2024-07" },
		{ "city": "Peniche", "country": "PT", "date": "2024-07" },
		{ "city": "Bucharest", "country": "RO", "date": "2013-06" },
		{ "city": "Barcelona", "country": "ES", "date": "2013-07" },
		{ "city": "Stockholm", "country": "SE", "date": "2019-06" },
		{ "city": "Zurich", "country": "CH", "date": "2017-05" },
		{ "city": "London", "country": "GB", "date": "2018-06" },
		{ "city": "Nassau", "country": "BS", "date": "2015-03" },
		{ "city": "São Paulo", "country": "BR", "date": "2014-06" },
		{ "city": "Una", "country": "BR", "date": "2014-06" },
		{ "city": "Cartagena", "country": "CO", "date": "2022-01" },
		{ "city": "Liberia", "country": "CR", "date": "2025-11" },
		{ "city": "Punta Mita", "country": "MX", "date": "2023-12" },
		{ "city": "Puerto Vallarta", "country": "MX", "date": "2023-12" },
		{ "city": "San Juan", "country": "PR", "date": "2020-02" },
		{ "city": "Vieques", "country": "PR", "date": "2020-02" },
		{ "city": "St. Barts", "country": "BL", "date": "2024-01" },
		{ "city": "Providenciales", "country": "TC", "date": "2021-04" },
		{ "city": "Sydney", "country": "AU", "date": "2017-12" },
		{ "city": "Byron Bay", "country": "AU", "date": "2017-12" },
		{ "city": "Cradle Mountain", "country": "AU", "date": "2018-01" },
		{ "city": "Lizard Island", "country": "AU", "date": "2018-01" },
		{ "city": "Queenstown", "country": "NZ", "date": "2017-12" },
		{ "city": "Los Angeles", "country": "US" },
		{ "city": "New York", "country": "US" },
		{ "city": "San Francisco", "country": "US" },
		{ "city": "Miami Beach", "country": "US" },
		{ "city": "West Hollywood", "country": "US" },
		{ "city": "Palo Alto", "country": "US" },
		{ "city": "Miami", "country": "US" },
		{ "city": "Santa Monica", "country": "US" },
		{ "city": "Menlo Park", "country": "US" },
		{ "city": "Beverly Hills", "country": "US" },
		{ "city": "Malibu", "country": "US" },
		{ "city": "Las Vegas", "country": "US" },
		{ "city": "East Hills", "country": "US" },
		{ "city": "Bal Harbour", "country": "US" },
		{ "city": "Honolulu", "country": "US" },
		{ "city": "Isla Vista", "country": "US" },
		{ "city": "Santa Barbara", "country": "US" },
		{ "city": "Indio", "country": "US" },
		{ "city": "Palm Springs", "country": "US" },
		{ "city": "Highland", "country": "US" },
		{ "city": "San Diego", "country": "US" },
		{ "city": "Mill Valley", "country": "US" },
		{ "city": "Glendale", "country": "US" },
		{ "city": "Montecito", "country": "US" },
		{ "city": "Gerlach", "country": "US" },
		{ "city": "Bora-Bora", "country": "PF" },
		{ "city": "Sandpoint", "country": "US" },
		{ "city": "La Quinta", "country": "US" },
		{ "city": "Burbank", "country": "US" },
		{ "city": "Oakland", "country": "US" },
		{ "city": "Napa", "country": "US" },
		{ "city": "Jerusalem", "country": "IL" },
		{ "city": "Surfside", "country": "US" },
		{ "city": "Millbrae", "country": "US" },
		{ "city": "Gustavia", "country": "BL" },
		{ "city": "Taormina", "country": "IT" },
		{ "city": "Anaheim", "country": "US" },
		{ "city": "Sausalito", "country": "US" },
		{ "city": "Tulum", "country": "MX" },
		{ "city": "Woodside", "country": "US" },
		{ "city": "Sonoma", "country": "US" },
		{ "city": "Mexico City", "country": "MX" },
		{ "city": "South San Francisco", "country": "US" },
		{ "city": "Salt Lake City", "country": "US" },
		{ "city": "Cabo San Lucas", "country": "MX" },
		{ "city": "Stanford", "country": "US" },
		{ "city": "Wheeland Settlement", "country": "TC" },
		{ "city": "Park City", "country": "US" },
		{ "city": "Big Sur", "country": "US" },
		{ "city": "Chicago", "country": "US" },
		{ "city": "Mykonos", "country": "GR" },
		{ "city": "Newark", "country": "US" },
		{ "city": "Vence", "country": "FR" },
		{ "city": "San Bruno", "country": "US" },
		{ "city": "Burlingame", "country": "US" },
		{ "city": "Redwood City", "country": "US" },
		{ "city": "Culver City", "country": "US" },
		{ "city": "Tahoe City", "country": "US" },
		{ "city": "Goleta", "country": "US" },
		{ "city": "Old Westbury", "country": "US" },
		{ "city": "Northwest Harbor", "country": "US" },
		{ "city": "Austin", "country": "US" },
		{ "city": "Spokane", "country": "US" },
		{ "city": "Key Biscayne", "country": "US" },
		{ "city": "Harrison", "country": "US" },
		{ "city": "Opa-locka", "country": "US" },
		{ "city": "St. Helena", "country": "US" },
		{ "city": "Novato", "country": "US" },
		{ "city": "Dubai", "country": "AE" },
		{ "city": "Pasadena", "country": "US" },
		{ "city": "Greenport West", "country": "US" },
		{ "city": "Inglewood", "country": "US" },
		{ "city": "Boca Raton", "country": "US" },
		{ "city": "Saint-Tropez", "country": "FR" },
		{ "city": "San José del Cabo", "country": "MX" },
		{ "city": "Long Beach", "country": "US" },
		{ "city": "Homewood", "country": "US" },
		{ "city": "Elizabeth", "country": "US" },
		{ "city": "Atherton", "country": "US" },
		{ "city": "Rutherford", "country": "US" },
		{ "city": "Eivissa", "country": "ES" },
		{ "city": "Puako", "country": "US" },
		{ "city": "Calistoga", "country": "US" },
		{ "city": "Mammoth Lakes", "country": "US" },
		{ "city": "South Gate", "country": "US" },
		{ "city": "Santa Rosa", "country": "US" },
		{ "city": "Whitsundays", "country": "AU" },
		{ "city": "Lod", "country": "IL" },
		{ "city": "Fa'a'ā", "country": "PF" },
		{ "city": "Weehawken Township", "country": "US" },
		{ "city": "Hoboken", "country": "US" },
		{ "city": "Psarrou", "country": "GR" },
		{ "city": "Universal City", "country": "US" },
		{ "city": "Herriman", "country": "US" },
		{ "city": "Topanga", "country": "US" },
		{ "city": "Hong Kong", "country": "HK" },
		{ "city": "Tiburon", "country": "US" },
		{ "city": "San Mateo", "country": "US" },
		{ "city": "Downey", "country": "US" },
		{ "city": "Monaco", "country": "MC" },
		{ "city": "Carmel-by-the-Sea", "country": "US" },
		{ "city": "Bishop", "country": "US" },
		{ "city": "Thermal", "country": "US" },
		{ "city": "Phoenix", "country": "US" },
		{ "city": "Teterboro", "country": "US" },
		{ "city": "Brisbane", "country": "US" },
		{ "city": "Coral Gables", "country": "US" },
		{ "city": "Chiyoda City", "country": "JP" },
		{ "city": "North Bondi", "country": "AU" },
		{ "city": "Arue", "country": "PF" },
		{ "city": "Saint-Jean-Cap-Ferrat", "country": "FR" },
		{ "city": "Porto", "country": "PT" },
		{ "city": "Bolinas", "country": "US" },
		{ "city": "Deià", "country": "ES" },
		{ "city": "Rochester", "country": "US" },
		{ "city": "Hotel Blue Diamond", "country": "MX" },
		{ "city": "Manhasset", "country": "US" },
		{ "city": "Le Mesnil-Amelot", "country": "FR" },
		{ "city": "Springville", "country": "US" },
		{ "city": "Greenvale", "country": "US" },
		{ "city": "Southampton", "country": "US" },
		{ "city": "Whistler", "country": "CA" },
		{ "city": "New Orleans", "country": "US" },
		{ "city": "Cupertino", "country": "US" },
		{ "city": "Sveti Stefan", "country": "ME" },
		{ "city": "Santa Gertrudis de Fruitera", "country": "ES" },
		{ "city": "Stinson Beach", "country": "US" },
		{ "city": "Santa Ynez", "country": "US" },
		{ "city": "West Glacier", "country": "US" },
		{ "city": "Melbourne", "country": "AU" },
		{ "city": "Cairns", "country": "AU" },
		{ "city": "Palm Desert", "country": "US" },
		{ "city": "Laguna Beach", "country": "US" },
		{ "city": "Stanley", "country": "US" },
		{ "city": "Havana", "country": "CU" },
		{ "city": "Cusco", "country": "PE" },
		{ "city": "Springs", "country": "US" },
		{ "city": "Water Mill", "country": "US" },
		{ "city": "Koloa", "country": "US" },
		{ "city": "Accord", "country": "US" },
		{ "city": "Washington", "country": "US" },
		{ "city": "Vernantes", "country": "FR" },
		{ "city": "Tucson", "country": "US" },
		{ "city": "San Jose", "country": "US" },
		{ "city": "Palm Beach", "country": "US" },
		{ "city": "Miami Gardens", "country": "US" },
		{ "city": "West End", "country": "JM" },
		{ "city": "Rancho Palos Verdes", "country": "US" },
		{ "city": "Vila Nova de Gaia", "country": "PT" },
		{ "city": "Daly City", "country": "US" },
		{ "city": "Capri", "country": "IT" },
		{ "city": "Positano", "country": "IT" },
		{ "city": "Moonachie", "country": "US" },
		{ "city": "Soros", "country": "GR" },
		{ "city": "East Palo Alto", "country": "US" },
		{ "city": "Page", "country": "US" },
		{ "city": "Lanai City", "country": "US" },
		{ "city": "Houston", "country": "US" },
		{ "city": "Jackson", "country": "US" },
		{ "city": "Sant Josep de sa Talaia", "country": "ES" },
		{ "city": "Los Olivos", "country": "US" },
		{ "city": "Sitges", "country": "ES" },
		{ "city": "Ashwaubenon", "country": "US" },
		{ "city": "Green Bay", "country": "US" },
		{ "city": "Marina del Rey", "country": "US" },
		{ "city": "Simpson Bay", "country": "SX" },
		{ "city": "Philadelphia", "country": "US" },
		{ "city": "Le Mans", "country": "FR" },
		{ "city": "Carolina", "country": "PR" },
		{ "city": "Provo", "country": "US" },
		{ "city": "Summerland", "country": "US" },
		{ "city": "Oia", "country": "GR" },
		{ "city": "Ubud", "country": "ID" },
		{ "city": "Coronado", "country": "US" },
		{ "city": "East Hampton", "country": "US" },
		{ "city": "El Prat de Llobregat", "country": "ES" },
		{ "city": "Deer Park", "country": "US" },
		{ "city": "Pleasanton", "country": "US" },
		{ "city": "Playa del Carmen", "country": "MX" },
		{ "city": "Reno", "country": "US" },
		{ "city": "Florianópolis", "country": "BR" },
		{ "city": "Berkeley", "country": "US" },
		{ "city": "Yountville", "country": "US" },
		{ "city": "Flower Hill", "country": "US" },
		{ "city": "Pacifica", "country": "US" },
		{ "city": "Koh Samui", "country": "TH" },
		{ "city": "Ao Nang", "country": "TH" },
		{ "city": "Luang Prabang", "country": "LA" },
		{ "city": "Krong Siem Reap", "country": "KH" },
		{ "city": "Airlie Beach", "country": "AU" },
		{ "city": "Indian Wells", "country": "US" },
		{ "city": "Nelson", "country": "CA" },
		{ "city": "San Rafael", "country": "US" },
		{ "city": "Hermosa Beach", "country": "US" },
		{ "city": "Negril", "country": "JM" },
		{ "city": "Roslyn", "country": "US" },
		{ "city": "Scottsdale", "country": "US" },
		{ "city": "West Menlo Park", "country": "US" },
		{ "city": "Roslyn Heights", "country": "US" },
		{ "city": "Avalon", "country": "US" },
		{ "city": "Visby", "country": "SE" },
		{ "city": "Hvar", "country": "HR" },
		{ "city": "Bol", "country": "HR" },
		{ "city": "Mazzarò", "country": "IT" },
		{ "city": "Belvedere", "country": "US" },
		{ "city": "Vienna", "country": "AT" },
		{ "city": "Hof bei Salzburg", "country": "AT" },
		{ "city": "Leogang", "country": "AT" },
		{ "city": "Fisher Island", "country": "US" },
		{ "city": "Ferrel", "country": "PT" },
		{ "city": "La Honda", "country": "US" },
		{ "city": "Healdsburg", "country": "US" },
		{ "city": "Oslo", "country": "NO" },
		{ "city": "Il Carrubo", "country": "IT" },
		{ "city": "Florence", "country": "IT" },
		{ "city": "Tremezzo", "country": "IT" },
		{ "city": "Venice", "country": "IT" },
		{ "city": "Amagansett", "country": "US" },
		{ "city": "Fort Lauderdale", "country": "US" },
		{ "city": "Charlotte Amalie West", "country": "VI" },
		{ "city": "Sandton", "country": "ZA" },
		{ "city": "Mountain View", "country": "US" },
		{ "city": "Key Largo", "country": "US" },
		{ "city": "Sarrians", "country": "FR" },
		{ "city": "Avignon", "country": "FR" },
		{ "city": "Cannes", "country": "FR" },
		{ "city": "Florida City", "country": "US" },
		{ "city": "Chuo City", "country": "JP" },
		{ "city": "Shibuya", "country": "JP" },
		{ "city": "Minato City", "country": "JP" },
		{ "city": "Quiogue", "country": "US" },
		{ "city": "Fiumicino", "country": "IT" },
		{ "city": "Saint Paul de Vence", "country": "FR" },
		{ "city": "Great Tew", "country": "GB" },
		{ "city": "Marina Grande", "country": "IT" },
		{ "city": "Amalfi", "country": "IT" },
		{ "city": "Antiparos", "country": "GR" },
		{ "city": "Frankfurt am Main", "country": "DE" },
		{ "city": "Davenport", "country": "US" },
		{ "city": "Tahoe Vista", "country": "US" },
		{ "city": "Tankah Cuatro", "country": "MX" },
		{ "city": "Half Moon Bay", "country": "US" },
		{ "city": "Manhattan Beach", "country": "US" },
		{ "city": "Auckland", "country": "NZ" },
		{ "city": "Longford", "country": "GB" },
		{ "city": "Pržno", "country": "ME" },
		{ "city": "Pollença", "country": "ES" },
		{ "city": "Horley", "country": "GB" },
		{ "city": "Truckee", "country": "US" },
		{ "city": "Cap-d'Ail", "country": "FR" },
		{ "city": "Vail", "country": "US" },
		{ "city": "Coachella", "country": "US" },
		{ "city": "Colonia del Sol", "country": "MX" },
		{ "city": "Moss Beach", "country": "US" },
		{ "city": "Coeur d'Alene", "country": "US" },
		{ "city": "Wolgan Valley", "country": "AU" },
		{ "city": "Lizard", "country": "AU" },
		{ "city": "Finlayvale", "country": "AU" },
		{ "city": "Mossman", "country": "AU" },
		{ "city": "Hobart", "country": "AU" },
		{ "city": "Cabazon", "country": "US" },
		{ "city": "Sagle", "country": "US" },
		{ "city": "Carmel Valley", "country": "US" },
		{ "city": "Tremblay-en-France", "country": "FR" },
		{ "city": "Boise", "country": "US" },
		{ "city": "Bronte", "country": "AU" },
		{ "city": "Dalung", "country": "ID" },
		{ "city": "Marysville", "country": "US" },
		{ "city": "Jersey City", "country": "US" },
		{ "city": "Panama City", "country": "PA" },
		{ "city": "Petaluma", "country": "US" },
		{ "city": "Paradise Valley", "country": "US" },
		{ "city": "Guarulhos", "country": "BR" },
		{ "city": "Placerville", "country": "US" },
		{ "city": "Denpasar", "country": "ID" },
		{ "city": "Rio de Janeiro", "country": "BR" },
		{ "city": "Belo Horizonte", "country": "BR" },
		{ "city": "Hamilton Island", "country": "AU" },
		{ "city": "Lucas Valley-Marinwood", "country": "US" },
		{ "city": "Vacaville", "country": "US" },
		{ "city": "Oakville", "country": "US" },
		{ "city": "Ban Tai", "country": "TH" },
		{ "city": "Ho Chi Minh City", "country": "VN" },
		{ "city": "Nevada City", "country": "US" },
		{ "city": "Akumal", "country": "MX" },
		{ "city": "Santa Clara", "country": "US" },
		{ "city": "Saas-Fee", "country": "CH" },
		{ "city": "Lucerne", "country": "CH" },
		{ "city": "Nashville", "country": "US" },
		{ "city": "Florida", "country": "PR" },
		{ "city": "Roslyn Estates", "country": "US" },
		{ "city": "Kloten", "country": "CH" },
		{ "city": "Vallejo", "country": "US" },
		{ "city": "Olympic Valley", "country": "US" },
		{ "city": "Inverness", "country": "US" },
		{ "city": "Portola Valley", "country": "US" },
		{ "city": "Los Altos Hills", "country": "US" },
		{ "city": "Madrid", "country": "ES" },
		{ "city": "Boston", "country": "US" },
		{ "city": "Berea", "country": "ZA" },
		{ "city": "Johannesburg", "country": "ZA" },
		{ "city": "Kannan Devan Hills", "country": "IN" },
		{ "city": "Aventura", "country": "US" },
		{ "city": "Castelmola", "country": "IT" },
		{ "city": "Thalgau", "country": "AT" },
		{ "city": "Fuschl", "country": "AT" },
		{ "city": "Salzburg", "country": "AT" },
		{ "city": "Saalfelden", "country": "AT" },
		{ "city": "Costa da Caparica", "country": "PT" },
		{ "city": "East Hampton North", "country": "US" },
		{ "city": "Big Bear Lake", "country": "US" },
		{ "city": "San Francisco Mazapa", "country": "MX" },
		{ "city": "Garza", "country": "CR" },
		{ "city": "Vatican City", "country": "VA" },
		{ "city": "Cernobbio", "country": "IT" },
		{ "city": "Torno", "country": "IT" },
		{ "city": "San Sebastián Xolalpa", "country": "MX" },
		{ "city": "North Miami Beach", "country": "US" },
		{ "city": "Bay Lake", "country": "US" },
		{ "city": "Bellevue", "country": "US" },
		{ "city": "Seattle", "country": "US" },
		{ "city": "Sag Harbor", "country": "US" },
		{ "city": "Greenport", "country": "US" },
		{ "city": "LeChee", "country": "US" },
		{ "city": "Marseille", "country": "FR" },
		{ "city": "Ramatuelle", "country": "FR" },
		{ "city": "Villefranche-sur-Mer", "country": "FR" },
		{ "city": "Fuji", "country": "JP" },
		{ "city": "Okayama", "country": "JP" },
		{ "city": "Tamano", "country": "JP" },
		{ "city": "North Rim", "country": "US" },
		{ "city": "Amsterdam", "country": "NL" },
		{ "city": "Delray Beach", "country": "US" },
		{ "city": "Farnborough", "country": "GB" },
		{ "city": "Bath", "country": "GB" },
		{ "city": "Northleach", "country": "GB" },
		{ "city": "Bourton-on-the-Water", "country": "GB" },
		{ "city": "Èze", "country": "FR" },
		{ "city": "Cleveland", "country": "US" },
		{ "city": "La Cañada Flintridge", "country": "US" },
		{ "city": "Joshua Tree", "country": "US" },
		{ "city": "Hawthorne", "country": "US" },
		{ "city": "Twentynine Palms", "country": "US" },
		{ "city": "Sandy Ground", "country": "AI" },
		{ "city": "Paso Robles", "country": "US" },
		{ "city": "Lake Powell", "country": "US" },
		{ "city": "West Jordan", "country": "US" },
		{ "city": "Canyon Point", "country": "US" },
		{ "city": "San Clemente", "country": "US" },
		{ "city": "Snyderville", "country": "US" },
		{ "city": "Antibes", "country": "FR" },
		{ "city": "Christchurch", "country": "NZ" },
		{ "city": "Pigeon Bay", "country": "NZ" },
		{ "city": "Milford Sound", "country": "NZ" },
		{ "city": "Taupō", "country": "NZ" },
		{ "city": "Tapapa", "country": "NZ" },
		{ "city": "Rotorua", "country": "NZ" },
		{ "city": "Waiheke Island", "country": "NZ" },
		{ "city": "Hockley", "country": "US" },
		{ "city": "Spokane Valley", "country": "US" },
		{ "city": "Athol", "country": "US" },
		{ "city": "Budva", "country": "ME" },
		{ "city": "Palma", "country": "ES" },
		{ "city": "Port de Pollença", "country": "ES" },
		{ "city": "Moran", "country": "US" },
		{ "city": "Alpine", "country": "US" },
		{ "city": "Oxnard", "country": "US" },
		{ "city": "Malé", "country": "MV" },
		{ "city": "Monterey", "country": "US" },
		{ "city": "Kalispell", "country": "US" },
		{ "city": "Waterton Park", "country": "CA" },
		{ "city": "Clark Fork", "country": "US" },
		{ "city": "Grand Canyon Village", "country": "US" },
		{ "city": "Ojai", "country": "US" },
		{ "city": "Tijuana", "country": "MX" },
		{ "city": "Wollemi", "country": "AU" },
		{ "city": "Surfers Paradise", "country": "AU" },
		{ "city": "Suffolk Park", "country": "AU" },
		{ "city": "K'gari", "country": "AU" },
		{ "city": "Cooloola", "country": "AU" },
		{ "city": "Wangetti", "country": "AU" },
		{ "city": "Mossman Gorge", "country": "AU" },
		{ "city": "Port Douglas", "country": "AU" },
		{ "city": "Manly", "country": "AU" },
		{ "city": "Cremorne Point", "country": "AU" },
		{ "city": "Bondi", "country": "AU" },
		{ "city": "Brighton", "country": "AU" },
		{ "city": "Launceston", "country": "AU" },
		{ "city": "Kapaau", "country": "US" },
		{ "city": "Moraga", "country": "US" },
		{ "city": "Sparks", "country": "US" },
		{ "city": "Tourlos", "country": "GR" },
		{ "city": "Lowman", "country": "US" },
		{ "city": "Walnut Creek", "country": "US" },
		{ "city": "Ormos Ammoudiou", "country": "GR" },
		{ "city": "Lake Havasu City", "country": "US" },
		{ "city": "Dallas", "country": "US" },
		{ "city": "Fulton", "country": "US" },
		{ "city": "Vinales", "country": "CU" },
		{ "city": "Buenos Aires", "country": "AR" },
		{ "city": "Shelter Island Heights", "country": "US" },
		{ "city": "Kuta", "country": "ID" },
		{ "city": "Mengwi", "country": "ID" },
		{ "city": "Urubamba", "country": "PE" },
		{ "city": "Aguas Calientes", "country": "PE" },
		{ "city": "Yosemite Valley", "country": "US" },
		{ "city": "June Lake", "country": "US" },
		{ "city": "Arcadia", "country": "US" },
		{ "city": "Puerto Aventuras", "country": "MX" },
		{ "city": "Oranjestad", "country": "AW" },
		{ "city": "Redondo Beach", "country": "US" },
		{ "city": "Orient", "country": "US" },
		{ "city": "Lihue", "country": "US" },
		{ "city": "Princeville", "country": "US" },
		{ "city": "Halifax", "country": "CA" },
		{ "city": "Crucero de las Ruinas de Tulum", "country": "MX" },
		{ "city": "Peconic", "country": "US" },
		{ "city": "Isle of Palms", "country": "US" },
		{ "city": "Savyon", "country": "IL" },
		{ "city": "Yavne'el", "country": "IL" },
		{ "city": "Arad", "country": "IL" },
		{ "city": "Hanoi", "country": "VN" },
		{ "city": "College Park", "country": "US" },
		{ "city": "Baltimore", "country": "US" },
		{ "city": "Pray", "country": "US" },
		{ "city": "Amarillo", "country": "US" },
		{ "city": "San Leandro", "country": "US" },
		{ "city": "Point Reyes Station", "country": "US" },
		{ "city": "Gibbston", "country": "NZ" },
		{ "city": "Richmond", "country": "US" },
		{ "city": "Montego Bay", "country": "JM" },
		{ "city": "Los Altos", "country": "US" },
		{ "city": "Strawberry", "country": "US" },
		{ "city": "Dubrovnik", "country": "HR" },
		{ "city": "Split", "country": "HR" },
		{ "city": "Cloverdale", "country": "US" },
		{ "city": "Düsseldorf", "country": "DE" },
		{ "city": "Dublin", "country": "IE" },
		{ "city": "Odense", "country": "DK" },
		{ "city": "Cambridge", "country": "US" },
		{ "city": "Los Gatos", "country": "US" },
		{ "city": "Durban", "country": "ZA" },
		{ "city": "Glenvar Heights", "country": "US" },
		{ "city": "Kochi", "country": "IN" },
		{ "city": "Canacona", "country": "IN" },
		{ "city": "Mountain Village", "country": "US" },
		{ "city": "Ampliación San Francisco", "country": "MX" },
		{ "city": "Encarnação", "country": "PT" },
		{ "city": "Santo Isidoro", "country": "PT" },
		{ "city": "Nazaré", "country": "PT" },
		{ "city": "Óbidos", "country": "PT" },
		{ "city": "Sintra", "country": "PT" },
		{ "city": "Saumur", "country": "FR" },
		{ "city": "Göltürkbükü", "country": "TR" },
		{ "city": "Lecce", "country": "IT" },
		{ "city": "Monopoli", "country": "IT" },
		{ "city": "Polignano a Mare", "country": "IT" },
		{ "city": "Porto Ercole", "country": "IT" },
		{ "city": "Lo Sbarcatello", "country": "IT" },
		{ "city": "Fonterutoli", "country": "IT" },
		{ "city": "Monteriggioni", "country": "IT" },
		{ "city": "Pisa", "country": "IT" },
		{ "city": "Vernazza", "country": "IT" },
		{ "city": "Manarola", "country": "IT" },
		{ "city": "Bellagio", "country": "IT" },
		{ "city": "Laglio", "country": "IT" },
		{ "city": "Como", "country": "IT" },
		{ "city": "Montepiatto", "country": "IT" },
		{ "city": "Careno", "country": "IT" },
		{ "city": "Dochula", "country": "BT" },
		{ "city": "Thimphu", "country": "BT" },
		{ "city": "Marwa", "country": "IN" },
		{ "city": "Cruz Bay", "country": "VI" },
		{ "city": "Yonkers", "country": "US" },
		{ "city": "Villeneuve-lès-Avignon", "country": "FR" },
		{ "city": "Hiratsuka", "country": "JP" },
		{ "city": "Nagaizumi", "country": "JP" },
		{ "city": "Numazu", "country": "JP" },
		{ "city": "Nara", "country": "JP" },
		{ "city": "Fujiyoshida", "country": "JP" },
		{ "city": "Shinjuku City", "country": "JP" },
		{ "city": "Taito City", "country": "JP" },
		{ "city": "Hiroshima", "country": "JP" },
		{ "city": "Ota City", "country": "JP" },
		{ "city": "La Purificación Tepetitla", "country": "MX" },
		{ "city": "San Juan Teotihuacán", "country": "MX" },
		{ "city": "San Martín de las Pirámides", "country": "MX" },
		{ "city": "Sedona", "country": "US" },
		{ "city": "Islamorada", "country": "US" },
		{ "city": "Westhampton Beach", "country": "US" },
		{ "city": "Théoule-sur-Mer", "country": "FR" },
		{ "city": "Mandelieu-La Napoule", "country": "FR" },
		{ "city": "Mouans-Sartoux", "country": "FR" },
		{ "city": "Huntington Beach", "country": "US" },
		{ "city": "Pinhão", "country": "PT" },
		{ "city": "Gouvães do Douro", "country": "PT" },
		{ "city": "Amarante", "country": "PT" },
		{ "city": "Sayulita", "country": "MX" },
		{ "city": "Litibú", "country": "MX" },
		{ "city": "Higuera Blanca", "country": "MX" },
		{ "city": "West Drayton", "country": "GB" },
		{ "city": "Cas Català-Illetes", "country": "ES" },
		{ "city": "S'Empeltada", "country": "ES" },
		{ "city": "Valldemossa", "country": "ES" },
		{ "city": "Painswick", "country": "GB" },
		{ "city": "Lower Slaughter", "country": "GB" },
		{ "city": "Upper Slaughter", "country": "GB" },
		{ "city": "Stow-on-the-Wold", "country": "GB" },
		{ "city": "Chilgrove", "country": "GB" },
		{ "city": "Naples", "country": "IT" },
		{ "city": "Anacapri", "country": "IT" },
		{ "city": "Ravello", "country": "IT" },
		{ "city": "Nocelle", "country": "IT" },
		{ "city": "Laurito", "country": "IT" },
		{ "city": "Pianillo", "country": "IT" },
		{ "city": "Praiano", "country": "IT" },
		{ "city": "Beaulieu-sur-Mer", "country": "FR" },
		{ "city": "Paros", "country": "GR" },
		{ "city": "Naousa", "country": "GR" },
		{ "city": "Agios Georgios", "country": "GR" },
		{ "city": "Pounta", "country": "GR" },
		{ "city": "Columbia", "country": "US" },
		{ "city": "Medford", "country": "US" },
		{ "city": "Tinley Park", "country": "US" },
		{ "city": "Le Claire", "country": "US" },
		{ "city": "Toro Canyon", "country": "US" },
		{ "city": "West Covina", "country": "US" },
		{ "city": "Crocus Hill", "country": "AI" },
		{ "city": "Long Bay Village", "country": "AI" },
		{ "city": "Charlotte", "country": "US" },
		{ "city": "New Washoe City", "country": "US" },
		{ "city": "Incline Village", "country": "US" },
		{ "city": "San Marino", "country": "US" },
		{ "city": "Kanab", "country": "US" },
		{ "city": "Baker", "country": "US" },
		{ "city": "Hinds", "country": "NZ" },
		{ "city": "Kawarau Falls", "country": "NZ" },
		{ "city": "Pauanui", "country": "NZ" },
		{ "city": "Tairua", "country": "NZ" },
		{ "city": "Hot Water Beach", "country": "NZ" },
		{ "city": "Hahei", "country": "NZ" },
		{ "city": "Waitomo Caves", "country": "NZ" },
		{ "city": "Otorohanga", "country": "NZ" },
		{ "city": "Kihikihi", "country": "NZ" },
		{ "city": "Matamata", "country": "NZ" },
		{ "city": "Mangatāwhiri", "country": "NZ" },
		{ "city": "Sundance", "country": "US" },
		{ "city": "Kotor", "country": "ME" },
		{ "city": "Skaljari", "country": "ME" },
		{ "city": "Herceg Novi", "country": "ME" },
		{ "city": "Bečići", "country": "ME" },
		{ "city": "Rafailovići", "country": "ME" },
		{ "city": "Boreti", "country": "ME" },
		{ "city": "Moose", "country": "US" },
		{ "city": "Teton Village", "country": "US" },
		{ "city": "Cora", "country": "US" },
		{ "city": "Post Falls", "country": "US" },
		{ "city": "Nine Mile Falls", "country": "US" },
		{ "city": "Fairwood", "country": "US" },
		{ "city": "Mead", "country": "US" },
		{ "city": "Salem", "country": "US" },
		{ "city": "Payson", "country": "US" },
		{ "city": "Stateline", "country": "US" },
		{ "city": "Dana Point", "country": "US" },
		{ "city": "Bermuda Dunes", "country": "US" },
		{ "city": "Abu Dhabi", "country": "AE" },
		{ "city": "Garraf", "country": "ES" },
		{ "city": "De Pere", "country": "US" },
		{ "city": "Ga'ash", "country": "IL" },
		{ "city": "Browning", "country": "US" },
		{ "city": "Libby", "country": "US" },
		{ "city": "Versailles", "country": "FR" },
		{ "city": "Chartres", "country": "FR" },
		{ "city": "Rancho Cucamonga", "country": "US" },
		{ "city": "Rosarito", "country": "MX" },
		{ "city": "San Antonio del Mar", "country": "MX" },
		{ "city": "Lompoc", "country": "US" },
		{ "city": "St Kilda", "country": "AU" },
		{ "city": "Coolac", "country": "AU" },
		{ "city": "Cootamundra", "country": "AU" },
		{ "city": "Gold Coast", "country": "AU" },
		{ "city": "Ewingsdale", "country": "AU" },
		{ "city": "Yeppoon", "country": "AU" },
		{ "city": "Mission Beach", "country": "AU" },
		{ "city": "Barangaroo", "country": "AU" },
		{ "city": "Freycinet", "country": "AU" },
		{ "city": "Coles Bay", "country": "AU" },
		{ "city": "Sheffield", "country": "AU" },
		{ "city": "Promised Land", "country": "AU" },
		{ "city": "Trevallyn", "country": "AU" },
		{ "city": "Agoura Hills", "country": "US" },
		{ "city": "Westlake Village", "country": "US" },
		{ "city": "Highland Park", "country": "US" },
		{ "city": "Heber City", "country": "US" },
		{ "city": "Portland", "country": "US" },
		{ "city": "Kuta Selatan", "country": "ID" },
		{ "city": "Pisac", "country": "PE" },
		{ "city": "Mariposa", "country": "US" },
		{ "city": "Lee Vining", "country": "US" },
		{ "city": "Kearny", "country": "US" },
		{ "city": "San Nicolas", "country": "AW" },
		{ "city": "Noord", "country": "AW" },
		{ "city": "Mitzpe Ramon", "country": "IL" },
		{ "city": "Zikhron Ya'akov", "country": "IL" },
		{ "city": "Winters", "country": "US" },
		{ "city": "Wailua", "country": "US" },
		{ "city": "Gilroy", "country": "US" },
		{ "city": "Silverado Resort", "country": "US" },
		{ "city": "Atlantic City", "country": "US" },
		{ "city": "Agios Dimitrios", "country": "GR" },
		{ "city": "Modi'in-Maccabim-Re'ut", "country": "IL" },
		{ "city": "Beit Hillel", "country": "IL" },
		{ "city": "Beit She'arim", "country": "IL" },
		{ "city": "Sde Boker", "country": "IL" },
		{ "city": "Flamenco", "country": "PR" },
		{ "city": "Río Grande", "country": "PR" },
		{ "city": "Zürich", "country": "CH" },
		{ "city": "Unterseen", "country": "CH" },
		{ "city": "Aeschi bei Spiez", "country": "CH" },
		{ "city": "Zermatt", "country": "CH" },
		{ "city": "Stalden", "country": "CH" },
		{ "city": "Kriens", "country": "CH" },
		{ "city": "Hergiswil", "country": "CH" },
		{ "city": "Yellowstone National Park", "country": "US" },
		{ "city": "Emigrant", "country": "US" },
		{ "city": "Carle Place", "country": "US" },
		{ "city": "Clarksville", "country": "US" },
		{ "city": "Memphis", "country": "US" },
		{ "city": "Teec Nos Pos", "country": "US" },
		{ "city": "Dennehotso", "country": "US" },
		{ "city": "Soquel", "country": "US" },
		{ "city": "Riverside", "country": "US" },
		{ "city": "Santa Maria", "country": "US" },
		{ "city": "San Anselmo", "country": "US" },
		{ "city": "Velo Grablje", "country": "HR" },
		{ "city": "Stari Grad", "country": "HR" },
		{ "city": "Geyserville", "country": "US" },
		{ "city": "Lido Beach", "country": "US" },
		{ "city": "Saratoga", "country": "US" },
		{ "city": "Windsor", "country": "US" },
		{ "city": "Segovia", "country": "ES" },
		{ "city": "Kailua", "country": "US" },
		{ "city": "Munich", "country": "DE" },
		{ "city": "Billund", "country": "DK" },
		{ "city": "Copenhagen", "country": "DK" },
		{ "city": "Cologne", "country": "DE" },
		{ "city": "Alappuzha", "country": "IN" }
	]
}
